{"model_data": {"model": "RecNet", "skip": 0}, "blocks": {"0": {"block_type": "GRU", "input_size": 1, "output_size": 1, "hidden_size": 64}}, "training_info": {"current_epoch": 375, "training_losses": [0.500944201967546, 0.4813207491458237, 0.4788747392111011, 0.37589501127503905, 0.29290624495063505, 0.2874351380175197, 0.27162781275518527, 0.25614680487710934, 0.23903315187758434, 0.22973402630682885, 0.2252699637954885, 0.22076457857408302, 0.21831195698688174, 0.21244959148590442, 0.21164861039633484, 0.20871205211846858, 0.20344745225043268, 0.20583446401280248, 0.20920651407259236, 0.2023180797575162, 0.19819809916102654, 0.20566765734224357, 0.20976004526986708, 0.2008036545465713, 0.19579324492725073, 0.19482806090313892, 0.19459332127801396, 0.19431880877244395, 0.19184840514094792, 0.19189611183745517, 0.18917663059161077, 0.19054610279763673, 0.19170599051013396, 0.18440615714757477, 0.1838847824263495, 0.1873477356411613, 0.18001432689027735, 0.18555665952334935, 0.18294348232690005, 0.1807628704912283, 0.18424930185224722, 0.18334176609074918, 0.1813344952662463, 0.17613699653657613, 0.17706535192956402, 0.17600072484898877, 0.17481087313892388, 0.17242947344172307, 0.17678995399022263, 0.17189426389946177, 0.17209917107330902, 0.16866227000492148, 0.17135273124538847, 0.17143162799539505, 0.175541875533179, 0.17155235973126315, 0.17465223086538248, 0.16814543213695288, 0.16957011978541098, 0.1742781878920732, 0.17147758479726008, 0.1709032551228226, 0.16723909899108597, 0.17068544603497177, 0.16718037927208781, 0.16671002669526006, 0.16704639399351623, 0.16773645778174526, 0.169567522090896, 0.16537912788667852, 0.1653931807097677, 0.16151820800521158, 0.16728452976502767, 0.16535938034051817, 0.1645946753175034, 0.16317967127089375, 0.1651487019904829, 0.16602861074513045, 0.1641213053764848, 0.1660591699908693, 0.1639589167792689, 0.16536825113966094, 0.16482637150140553, 0.16215465541977384, 0.16718499425363226, 0.1650870808992873, 0.16636706771353232, 0.16097572251138365, 0.15990128381443874, 0.16427803845084335, 0.1595528349461784, 0.1603538394216206, 0.1593337569736525, 0.1598803492432291, 0.16214603948854392, 0.15861445483933023, 0.15831842789934442, 0.1588260828722994, 0.1573091538792307, 0.15873841354744386, 0.16129568566314195, 0.15933906788296706, 0.1564528850427309, 0.15675394097947848, 0.1556307753765738, 0.15774697885401062, 0.1556689421791438, 0.15616527399314298, 0.1579285369726357, 0.15490587515296877, 0.15688610898161473, 0.15781886142666465, 0.1545350781956373, 0.16065906395821217, 0.15757381308872206, 0.16102435771230747, 0.16023149157499336, 0.15363783657236338, 0.1528791603995124, 0.15321689342184888, 0.15513460328439616, 0.15588570011223288, 0.15365834591619962, 0.1562295662142433, 0.16282882650273958, 0.15195259443399584, 0.15159667405457083, 0.1542779904753937, 0.15448524934759772, 0.1565357615276204, 0.15027632558863466, 0.15655575646692282, 0.1562182445611273, 0.1572037655013529, 0.15262225686342684, 0.15289821378378707, 0.15029416641510737, 0.15181337835194614, 0.1531759638206235, 0.1506313171673131, 0.14986777663013182, 0.15128301512812833, 0.1581610861149701, 0.15003563561053435, 0.1479382532733408, 0.15363689779316062, 0.15024525369819883, 0.1523030660804603, 0.14913541028372848, 0.15198650654381166, 0.14858811632609112, 0.14803599941774043, 0.1479599439393874, 0.1507968065969936, 0.1462987789206884, 0.1536942798305642, 0.1499391553209877, 0.14952337998267892, 0.1478196210530284, 0.14949244364805805, 0.14607744763738342, 0.14837013096730045, 0.14855273407823463, 0.14819594926817659, 0.14755448345820624, 0.14833894547365314, 0.15218445853414858, 0.14504463562451594, 0.14605988482884194, 0.1480034252253736, 0.15039671730104978, 0.14569933146431846, 0.15147152107039635, 0.1477716939838289, 0.15142421899121494, 0.15147987632201865, 0.15067789487710054, 0.14823563793649924, 0.14521567828880694, 0.15009880681558477, 0.14854974937685705, 0.14732770607262466, 0.14425822838463565, 0.14907707749902235, 0.14807404072156974, 0.1478427316896714, 0.14655970907830568, 0.14768274058890227, 0.1475780268453739, 0.14304033171554859, 0.1441296028432908, 0.14278406393411872, 0.1449600156856241, 0.14475555290988126, 0.14885580016590363, 0.14799890629705284, 0.14657596986160262, 0.14381350980249125, 0.14739800771916065, 0.1425046093834492, 0.1432168484459837, 0.14319974405376557, 0.14753028591973827, 0.14463536114758485, 0.14556561695871414, 0.14290317943222916, 0.14512322826141658, 0.14349755063024047, 0.1446698604683791, 0.14584995311527674, 0.14590505107197088, 0.14371762146520148, 0.14337104996182506, 0.1428914620758748, 0.14235554553882837, 0.14246695110719504, 0.1426030100843349, 0.14321770705282688, 0.1444416068639461, 0.14570807707919317, 0.1438848828509837, 0.14238856605846775, 0.1437833501969452, 0.14213348672930876, 0.14398293254001965, 0.14152254741759854, 0.14423920937463058, 0.1479405226585056, 0.14427915629749366, 0.14206357963697672, 0.1399093273144167, 0.146928364296093, 0.14398212732094065, 0.14094288094428845, 0.140017294143508, 0.14322164840996265, 0.1460668625939008, 0.14383131078166236, 0.14478255000400855, 0.14324959445527044, 0.14009570937555332, 0.14115988498843918, 0.1397164547332115, 0.14179255229771714, 0.14717558969731453, 0.14045847994093966, 0.14264958675394393, 0.143402037029336, 0.1406005534899796, 0.1369282083295576, 0.14147543082279818, 0.14482240491341075, 0.14362811424781557, 0.1442389780619218, 0.14222078128149368, 0.14044622157688263, 0.14489267406041745, 0.142872163566289, 0.13892592940261805, 0.13750071919148227, 0.13802882745354011, 0.13980904116912132, 0.1413902090801918, 0.13894764639969379, 0.13942550306583382, 0.14036486501648246, 0.13923527743340797, 0.13932955802067537, 0.14255751321068058, 0.14059171481541805, 0.14119955797546677, 0.14074638016013938, 0.13927616128189999, 0.13919483746897862, 0.13827270628618343, 0.1407327086894543, 0.13874397608874872, 0.14053658672983385, 0.13962499330473413, 0.13538959287348892, 0.14137751226277126, 0.14089123527942732, 0.14054958688325017, 0.13738344486972148, 0.135318541905371, 0.13653624407318118, 0.1386968965412347, 0.14124023558741267, 0.13853928370570592, 0.13646995545933385, 0.13855122913328277, 0.1374626940346093, 0.13577010536372855, 0.13780514023254636, 0.13620855894496103, 0.13847132200713866, 0.13905837438250712, 0.14179221627169422, 0.1345017152995645, 0.13332884577284385, 0.1380250858530015, 0.13539841202656172, 0.13753384025162693, 0.13571746480445585, 0.13581121382726863, 0.1357499731027267, 0.13731712806824742, 0.1375679160081237, 0.1381190200759606, 0.1393720724124026, 0.13532343039942252, 0.13782958897411243, 0.13743840309779173, 0.13662267170919032, 0.13635411311860207, 0.13633200964684802, 0.1353907888972914, 0.13711428561840544, 0.1346336256579629, 0.1393913900201487, 0.13421696654291126, 0.13846524132947838, 0.13874328840983569, 0.13698892505210522, 0.13639226310898536, 0.13912307891341577, 0.13625958522588208, 0.13513919474653804, 0.13646024504265228, 0.13246776428460688, 0.1386277807162857, 0.13530413530670202, 0.13420629093737957, 0.1341925731545629, 0.1331427273667091, 0.13330617197486874, 0.1330425505973883, 0.1318892030099818, 0.13235865777068131, 0.13630545641864084, 0.13609981043385225, 0.1364823062722753, 0.1356533280174647, 0.1380545289812053, 0.13800889118755988, 0.13546590614072104, 0.133817530817703, 0.13182552750887613, 0.1318612422782009, 0.13594198021312037, 0.13298472393812105, 0.13222944026498437, 0.13083792624196836, 0.13756480929744125, 0.1330996285882089, 0.13758708900082614, 0.13574915723391362, 0.13454538533560836, 0.13736421628189938, 0.13330146118805006, 0.1328350936679484, 0.13079754890898218, 0.13074590075857842, 0.1333128401840275, 0.3007352063311385, 0.20438879644861085, 0.15096879789194503, 0.14001250511349797, 0.13612191619157982, 0.13369078535659168, 0.13837930526245726, 0.13328028640213918, 0.1305199637827645, 0.13027062727888297, 0.13069210533512293],