{"model_data": {"model": "RecNet", "skip": 0}, "blocks": {"0": {"block_type": "LSTM", "input_size": 1, "output_size": 1, "hidden_size": 16}}, "training_info": {"current_epoch": 3, "training_losses": [0.5008717678584061, 0.45765014234688367, 0.5119088392753106], "validation_losses": [0.449978768825531], "epoch_times": [1.1434614300727843, 2.48246119817098, 1.0490755677223205], "best_val_loss": 0.449978768825531}}